seriesuid,coordX,coordY,coordZ,diameter_mm,malignant
1.3.6.1.4.1.14519.5.2.1.6279.6001.100398138793540579077826395208,147.6744957,125.7429141,213.3265172,5.786347814,0
